render_game_s_since_shot,trauma,world_x_amplitude_m,world_y_amplitude_m,world_z_amplitude_m,roll_amplitude_rad,directed_kick_m,ortho_height_punch_m,flash_alpha
0,0.8,0.2816,0.16,0.224,0.00704,0.6,1.3,0.14
0.008333333333,0.7841666667,0.2705636389,0.1537293403,0.2152210764,0.006764090972,0.5520266488,1.226336085,0.1066666667
0.01666666667,0.7683333333,0.2597478889,0.1475840278,0.2066176389,0.006493697222,0.5078890349,1.156846302,0.07333333333
0.025,0.7525,0.24915275,0.1415640625,0.1981896875,0.00622881875,0.4672804698,1.091294127,0.04
0.03333333333,0.7366666667,0.2387782222,0.1356694444,0.1899372222,0.005969455556,0.4299187863,1.029456436,0.006666666667
0.04166666667,0.7208333333,0.2286243056,0.1299001736,0.1818602431,0.005715607639,0.3955443781,0.9711227504,0
0.05,0.705,0.218691,0.12425625,0.17395875,0.005467275,0.3639183958,0.9160945166,0
0.05833333333,0.6891666667,0.2089783056,0.1187376736,0.1662327431,0.005224457639,0.3348210875,0.864184433,0
0.06666666667,0.6733333333,0.1994862222,0.1133444444,0.1586822222,0.004987155556,0.3080502714,0.8152158109,0
0.075,0.6575,0.19021475,0.1080765625,0.1513071875,0.00475536875,0.2834199316,0.7690219737,0
0.08333333333,0.6416666667,0.1811638889,0.1029340278,0.1441076389,0.004529097222,0.2607589251,0.7254456895,0
0.09166666667,0.6258333333,0.1723336389,0.09791684028,0.1370835764,0.004308340972,0.2399097926,0.6843386359,0
0.1,0.61,0.163724,0.093025,0.130235,0.0040931,0.2207276647,0.6455608949,0
0.1083333333,0.5941666667,0.1553349722,0.08825850694,0.1235619097,0.003883374306,0.2030792551,0.6089804772,0
0.1166666667,0.5783333333,0.1471665556,0.08361736111,0.1170643056,0.003679163889,0.1868419343,0.5744728725,0
0.125,0.5625,0.13921875,0.0791015625,0.1107421875,0.00348046875,0.1719028781,0.5419206256,0
0.1333333333,0.5466666667,0.1314915556,0.07471111111,0.1045955556,0.003287288889,0.1581582829,0.5112129371,0
0.1416666667,0.5308333333,0.1239849722,0.07044600694,0.09862440972,0.003099624306,0.1455126448,0.482245286,0
0.15,0.515,0.116699,0.06630625,0.09282875,0.002917475,0.1338780961,0.4549190738,0
0.1583333333,0.4991666667,0.1096336389,0.06229184028,0.08720857639,0.002740840972,0.1231737945,0.4291412892,0
0.1666666667,0.4833333333,0.1027888889,0.05840277778,0.08176388889,0.002569722222,0.1133253617,0.4048241911,0
0.175,0.4675,0.09616475,0.0546390625,0.0764946875,0.00240411875,0.1042643661,0.3818850104,0
0.1833333333,0.4516666667,0.08976122222,0.05100069444,0.07140097222,0.002244030556,0.09592784765,0.3602456681,0
0.1916666667,0.4358333333,0.08357830556,0.04748767361,0.06648274306,0.002089457639,0.08825788044,0.3398325094,0
0.2,0.42,0.077616,0.0441,0.06174,0.0019404,0.08120116994,0.3205760531,0
0.2083333333,0.4041666667,0.07187430556,0.04083767361,0.05717274306,0.001796857639,0.07470868287,0.3024107553,0
0.2166666667,0.3883333333,0.06635322222,0.03770069444,0.05278097222,0.001658830556,0.0687353064,0.2852747859,0
0.225,0.3725,0.06105275,0.0346890625,0.0485646875,0.00152631875,0.06323953474,0.2691098185,0
0.2333333333,0.3566666667,0.05597288889,0.03180277778,0.04452388889,0.001399322222,0.05818318072,0.2538608317,0
0.2416666667,0.3408333333,0.05111363889,0.02904184028,0.04065857639,0.001277840972,0.05353111045,0.2394759219,0
0.25,0.325,0.046475,0.02640625,0.03696875,0.001161875,0.04925099917,0.2259061265,0
0.2583333333,0.3091666667,0.04205697222,0.02389600694,0.03345440972,0.001051424306,0.04531310671,0.2131052575,0
0.2666666667,0.2933333333,0.03785955556,0.02151111111,0.03011555556,0.0009464888889,0.04169007073,0.2010297439,0
0.275,0.2775,0.03388275,0.0192515625,0.0269521875,0.00084706875,0.03835671672,0.1896384839,0
0.2833333333,0.2616666667,0.03012655556,0.01711736111,0.02396430556,0.0007531638889,0.03528988299,0.1788927045,0
0.2916666667,0.2458333333,0.02659097222,0.01510850694,0.02115190972,0.0006647743056,0.03246825973,0.1687558299,0
0.3,0.23,0.023276,0.013225,0.018515,0.0005819,0.02987224102,0.1591933567,0
0.3083333333,0.2141666667,0.02018163889,0.01146684028,0.01605357639,0.0005045409722,0.0274837885,0.1501727368,0
0.3166666667,0.1983333333,0.01730788889,0.009834027778,0.01376763889,0.0004326972222,0.02528630611,0.1416632662,0
0.325,0.1825,0.01465475,0.0083265625,0.0116571875,0.00036636875,0.0232645247,0.133635981,0
0.3333333333,0.1666666667,0.01222222222,0.006944444444,0.009722222222,0.0003055555556,0.02140439601,0.1260635582,0
0.3416666667,0.1508333333,0.01001030556,0.005687673611,0.007962743056,0.0002502576389,0.019692995,0.1189202234,0
0.35,0.135,0.008019,0.00455625,0.00637875,0.000200475,0.01811843005,0.1121816624,0
0.3583333333,0.1191666667,0.006248305556,0.003550173611,0.004970243056,0.0001562076389,0.01666976037,0.105824939,0
0.3666666667,0.1033333333,0.004698222222,0.002669444444,0.003737222222,0.0001174555556,0.01533691992,0.09982841645,0
0.375,0.0875,0.00336875,0.0019140625,0.0026796875,8.421875e-05,0.01411064751,0.09417168414,0
0.3833333333,0.07166666667,0.002259888889,0.001284027778,0.001797638889,5.649722222e-05,0.01298242243,0.08883548803,0
0.3916666667,0.05583333333,0.001371638889,0.0007793402778,0.001091076389,3.429097222e-05,0.01194440525,0.08380166506,0
0.4,0.04,0.000704,0.0004,0.00056,1.76e-05,0.01098938333,0.07905308141,0
0.4083333333,0.02416666667,0.0002569722222,0.0001460069444,0.0002044097222,6.424305556e-06,0.01011072076,0.07457357412,0
0.4166666667,0.008333333333,3.055555556e-05,1.736111111e-05,2.430555556e-05,7.638888889e-07,0.009302312159,0.07034789609,0
0.425,0,0,0,0,0,0.008558540345,0.06636166421,0
0.4333333333,0,0,0,0,0,0.007874237242,0.06260131036,0
0.4416666667,0,0,0,0,0,0.007244647994,0.05905403527,0
0.45,0,0,0,0,0,0.006665397923,0.05570776493,0
0.4583333333,0,0,0,0,0,0.00613246213,0.05255110949,0
0.4666666667,0,0,0,0,0,0.005642137531,0.04957332451,0
0.475,0,0,0,0,0,0.005191017122,0.04676427438,0
0.4833333333,0,0,0,0,0,0.004775966309,0.04411439781,0
0.4916666667,0,0,0,0,0,0.004394101127,0.0416146753,0
0.5,0,0,0,0,0,0.004042768199,0.03925659845,0
0.5083333333,0,0,0,0,0,0.003719526302,0.03703214096,0
0.5166666667,0,0,0,0,0,0.003422129399,0.03493373135,0
0.525,0,0,0,0,0,0.00314851104,0.03295422718,0
0.5333333333,0,0,0,0,0,0.002896769996,0.03108689072,0
0.5416666667,0,0,0,0,0,0.002665157056,0.02932536604,0
0.55,0,0,0,0,0,0.002452062863,0.02766365737,0
0.5583333333,0,0,0,0,0,0.002256006741,0.02609610867,0
0.5666666667,0,0,0,0,0,0.002075626402,0.02461738441,0
0.575,0,0,0,0,0,0.001909668478,0.0232224514,0
0.5833333333,0,0,0,0,0,0.001756979817,0.02190656164,0
0.5916666667,0,0,0,0,0,0.001616499467,0.02066523618,0
0.6,0,0,0,0,0,0.001487251306,0.01949424987,0
0.6083333333,0,0,0,0,0,0.001368337257,0.01838961697,0
0.6166666667,0,0,0,0,0,0.001258931051,0.0173475776,0
0.625,0,0,0,0,0,0.001158272482,0.01636458492,0
0.6333333333,0,0,0,0,0,0.001065662127,0.01543729307,0
0.6416666667,0,0,0,0,0,0.0009804564882,0.01456254581,0
0.65,0,0,0,0,0,0.0009020635158,0.0137373657,0
0.6583333333,0,0,0,0,0,0.0008299384993,0.01295894405,0
0.6666666667,0,0,0,0,0,0.0007635802808,0.01222463132,0
0.675,0,0,0,0,0,0.0007025277725,0.01153192808,0
0.6833333333,0,0,0,0,0,0.0006463567532,0.01087847657,0
0.6916666667,0,0,0,0,0,0.0005946769206,0.01026205259,0
0.7,0,0,0,0,0,0.0005471291793,0.009680557992,0
0.7083333333,0,0,0,0,0,0.0005033831455,0.009132013529,0
0.7166666667,0,0,0,0,0,0.0004631348515,0.00861455209,0
0.725,0,0,0,0,0,0.0004261046333,0.008126412372,0
0.7333333333,0,0,0,0,0,0.0003920351879,0.00766593287,0
0.7416666667,0,0,0,0,0,0.000360689785,0.007231546233,0
0.75,0,0,0,0,0,0.0003318506221,0.006821773919,0
0.7583333333,0,0,0,0,0,0.0003053173113,0.006435221169,0
0.7666666667,0,0,0,0,0,0.000280905487,0.006070572256,0
0.775,0,0,0,0,0,0.0002584455243,0.00572658601,0
0.7833333333,0,0,0,0,0,0.0002377813612,0.00540209159,0
0.7916666667,0,0,0,0,0,0.0002187694132,0.005095984501,0
0.8,0,0,0,0,0,0.0002012775767,0.004807222831,0
0.8083333333,0,0,0,0,0,0.0001851843103,0.004534823712,0
0.8166666667,0,0,0,0,0,0.0001703777903,0.004277859967,0
0.825,0,0,0,0,0,0.0001567551344,0.004035456956,0
0.8333333333,0,0,0,0,0,0.0001442216859,0.003806789603,0
0.8416666667,0,0,0,0,0,0.0001326903565,0.003591079583,0
0.85,0,0,0,0,0,0.0001220810214,0.003387592674,0
0.8583333333,0,0,0,0,0,0.0001123199619,0.003195636259,0
0.8666666667,0,0,0,0,0,0.0001033393536,0.003014556968,0
0.875,0,0,0,0,0,9.507679507e-05,0.002843738454,0
0.8833333333,0,0,0,0,0,8.747487426e-05,0.002682599293,0
0.8916666667,0,0,0,0,0,8.048076949e-05,0.002530591011,0
0.9,0,0,0,0,0,7.404588245e-05,0.00238719621,0
0.9083333333,0,0,0,0,0,6.812550058e-05,0.002251926811,0
0.9166666667,0,0,0,0,0,6.26784863e-05,0.002124322391,0
0.925,0,0,0,0,0,5.766699124e-05,0.002003948619,0
0.9333333333,0,0,0,0,0,5.30561932e-05,0.001890395772,0
0.9416666667,0,0,0,0,0,4.881405421e-05,0.001783277346,0
0.95,0,0,0,0,0,4.491109793e-05,0.001682228737,0
0.9583333333,0,0,0,0,0,4.132020481e-05,0.001586906003,0
0.9666666667,0,0,0,0,0,3.801642364e-05,0.001496984688,0
0.975,0,0,0,0,0,3.497679824e-05,0.001412158724,0
0.9833333333,0,0,0,0,0,3.218020786e-05,0.001332139385,0
0.9916666667,0,0,0,0,0,2.96072205e-05,0.001256654306,0
1,0,0,0,0,0,2.723995786e-05,0.001185446555,0
1.008333333,0,0,0,0,0,2.506197108e-05,0.001118273759,0
1.016666667,0,0,0,0,0,2.305812651e-05,0.00105490728,0
1.025,0,0,0,0,0,2.121450051e-05,0.0009951314335,0
1.033333333,0,0,0,0,0,1.95182827e-05,0.0009387427585,0
1.041666667,0,0,0,0,0,1.795768698e-05,0.0008855493224,0
1.05,0,0,0,0,0,1.652186961e-05,0.0008353700685,0
1.058333333,0,0,0,0,0,1.520085385e-05,0.0007880341993,0
1.066666667,0,0,0,0,0,1.398546069e-05,0.000743380596,0
1.075,0,0,0,0,0,1.286724499e-05,0.0007012572689,0
1.083333333,0,0,0,0,0,1.183843688e-05,0.0006615208412,0
1.091666667,0,0,0,0,0,1.089188773e-05,0.0006240360604,0
1.1,0,0,0,0,0,1.002102047e-05,0.0005886753378,0
1.108333333,0,0,0,0,0,9.219783916e-06,0.0005553183146,0
1.116666667,0,0,0,0,0,8.482610696e-06,0.0005238514521,0
1.125,0,0,0,0,0,7.804378592e-06,0.0004941676452,0
1.133333333,0,0,0,0,0,7.180374934e-06,0.0004661658579,0
1.141666667,0,0,0,0,0,6.606263853e-06,0.0004397507793,0
1.15,0,0,0,0,0,6.078056159e-06,0.0004148324992,0
1.158333333,0,0,0,0,0,5.592081621e-06,0.0003913262023,0
1.166666667,0,0,0,0,0,5.144963462e-06,0.0003691518791,0
1.175,0,0,0,0,0,4.733594896e-06,0.0003482340539,0
1.183333333,0,0,0,0,0,4.355117545e-06,0.0003285015279,0
1.191666667,0,0,0,0,0,4.006901573e-06,0.0003098871366,0
1.2,0,0,0,0,0,3.686527412e-06,0.0002923275214,0
1.208333333,0,0,0,0,0,3.391768955e-06,0.0002757629139,0
1.216666667,0,0,0,0,0,3.120578083e-06,0.0002601369325,0
1.225,0,0,0,0,0,2.871070435e-06,0.0002453963902,0
1.233333333,0,0,0,0,0,2.641512318e-06,0.0002314911142,0
1.241666667,0,0,0,0,0,2.430308654e-06,0.0002183737743,0
1.25,0,0,0,0,0,2.235991903e-06,0.0002059997227,0
1.258333333,0,0,0,0,0,2.057211862e-06,0.000194326841,0
1.266666667,0,0,0,0,0,1.892726283e-06,0.000183315398,0
1.275,0,0,0,0,0,1.741392245e-06,0.0001729279135,0
1.283333333,0,0,0,0,0,1.602158209e-06,0.000163129031,0
1.291666667,0,0,0,0,0,1.474056711e-06,0.0001538853979,0
1.3,0,0,0,0,0,1.356197644e-06,0.000145165551,0
1.308333333,0,0,0,0,0,1.247762068e-06,0.0001369398104,0
1.316666667,0,0,0,0,0,1.147996521e-06,0.0001291801776,0
1.325,0,0,0,0,0,1.056207787e-06,0.000121860241,0
1.333333333,0,0,0,0,0,9.717580754e-07,0.0001149550853,0
1.341666667,0,0,0,0,0,8.940605896e-07,0.0001084412071,0
1.35,0,0,0,0,0,8.225754518e-07,0.0001022964349,0
1.358333333,0,0,0,0,0,7.568059501e-07,9.649985339e-05,0
1.366666667,0,0,0,0,0,6.962950873e-07,9.103173261e-05,0
1.375,0,0,0,0,0,6.40622406e-07,8.587346044e-05,0
1.383333333,0,0,0,0,0,5.894010665e-07,8.100747943e-05,0
1.391666667,0,0,0,0,0,5.422751593e-07,7.641722705e-05,0
1.4,0,0,0,0,0,4.989172315e-07,7.208707926e-05,0
1.408333333,0,0,0,0,0,4.590260122e-07,6.800229735e-05,0
1.416666667,0,0,0,0,0,4.223243187e-07,6.414897776e-05,0
1.425,0,0,0,0,0,3.885571306e-07,6.051400479e-05,0
1.433333333,0,0,0,0,0,3.574898177e-07,5.708500594e-05,0
1.441666667,0,0,0,0,0,3.289065101e-07,5.385030975e-05,0
1.45,0,0,0,0,0,3.026085975e-07,5.079890618e-05,0
1.458333333,0,0,0,0,0,2.7841335e-07,4.792040901e-05,0
1.466666667,0,0,0,0,0,2.561526476e-07,4.520502059e-05,0
1.475,0,0,0,0,0,2.356718127e-07,4.264349844e-05,0
1.483333333,0,0,0,0,0,2.16828535e-07,4.022712378e-05,0
1.491666667,0,0,0,0,0,1.994918825e-07,3.794767191e-05,0
1.5,0,0,0,0,0,1.835413923e-07,3.579738415e-05,0
