simulation_s_excluding_hitstop,barrel_state_m,barrel_visible_m,barrel_v_mps,rock_rad,rock_v_radps,compression_m,compression_v_mps,root_kick_speed_mps,root_kick_path_m
0,0.21,0,16,0,0.75,0,-1.4,1.8,0
0.01666666667,0.3946944444,0.3946944444,11.08166667,0.01041666667,0.625,-0.01788888889,-1.073333333,1.691666667,0.03
0.03333333333,0.5149986883,0.5149986883,7.21825463,0.01885127315,0.5060763889,-0.03105709877,-0.7900925926,1.583333333,0.05819444444
0.05,0.5854806587,0.5854806587,4.228918223,0.02543501238,0.3950243538,-0.04020375943,-0.5487996399,1.475,0.08458333333
0.06666666667,0.6181030506,0.6181030506,1.957343519,0.03032091283,0.2931540273,-0.04598775107,-0.3470394983,1.366666667,0.1091666667
0.08333333333,0.6225959494,0.6225959494,0.269573929,0.0336765861,0.2013403962,-0.04901696338,-0.1817527384,1.258333333,0.1319444444
0.1,0.6067920951,0.6067920951,-0.9482312582,0.03567783888,0.1200751665,-0.04984161893,-0.04947933326,1.15,0.1529166667
0.1166666667,0.57692513,0.57692513,-1.792017909,0.03650315611,0.0495190337,-0.0489509165,0.05344214587,1.041666667,0.1720833333
0.1333333333,0.5378922038,0.5378922038,-2.341975573,0.03632904039,-0.01044694306,-0.04677232219,0.1307156588,0.9333333333,0.1894444444
0.15,0.4934830115,0.4934830115,-2.664551535,0.03532617495,-0.06017192644,-0.04367291226,0.1859645957,0.825,0.205
0.1666666667,0.4465777762,0.4465777762,-2.814314121,0.03365636351,-0.1001886865,-0.03996224788,0.2226398625,0.7166666667,0.21875
0.1833333333,0.3993169255,0.3993169255,-2.835651043,0.03147018983,-0.1311704204,-0.03589633651,0.2439546824,0.6083333333,0.2306944444
0.2,0.3532452986,0.3532452986,-2.764297611,0.02890533229,-0.1538914526,-0.03168230529,0.2528418734,0.5,0.2408333333
0.2166666667,0.309433693,0.309433693,-2.628696335,0.02608546399,-0.1691920979,-0.02748347757,0.2519296627,0.3916666667,0.2491666667
0.2333333333,0.2685804573,0.2685804573,-2.451194144,0.02311966695,-0.1779478223,-0.0234246034,0.2435324503,0.2833333333,0.2556944444
0.25,0.2310956799,0.2310956799,-2.249086642,0.0201022884,-0.1810427134,-0.0195970481,0.2296533181,0.175,0.2604166667
0.2666666667,0.1971703326,0.1971703326,-2.03552084,0.0171131689,-0.1793471697,-0.01606379035,0.2119954654,0.06666666667,0.2633333333
0.2833333333,0.166832518,0.166832518,-1.820268878,0.01421817506,-0.1736996307,-0.01286412136,0.1919801391,0,0.2644444444
0.3,0.1399927572,0.1399927572,-1.610385646,0.01146997327,-0.1648921069,-0.01001797143,0.1707689958,0,0.2644444444
0.3166666667,0.1164800389,0.1164800389,-1.410763101,0.008908986309,-0.1536592179,-0.007529818468,0.1492891777,0,0.2644444444
0.3333333333,0.09607014507,0.09607014507,-1.224593627,0.006564479439,-0.1406704122,-0.005392156744,0.1282597035,0,0.2644444444
0.35,0.07850757787,0.07850757787,-1.053754032,0.00445572906,-0.1265250227,-0.00358852241,0.10821806,0,0.2644444444
0.3666666667,0.06352222872,0.06352222872,-0.899120949,0.002593232365,-0.1117498018,-0.002096086792,0.0895461371,0,0.2644444444
0.3833333333,0.05084177151,0.05084177151,-0.7608274328,0.0009799226872,-0.09679858064,-0.0008878390546,0.07249486423,0,0.2644444444
0.4,0.04020061194,0.04020061194,-0.6384695746,-0.0003876391074,-0.08205370768,6.561262609e-05,0.05720710084,0,0.2644444444
0.4166666667,0.03134609554,0.03134609554,-0.5312709837,-0.001518121346,-0.06782893433,0.0007945874177,0.0437384875,0,0.2644444444
0.4333333333,0.02404256143,0.02404256143,-0.4382120468,-0.002424345347,-0.05437344003,0.001329189031,0.03207609681,0,0.2644444444
0.45,0.01807372816,0.01807372816,-0.3581299961,-0.003122290527,-0.04187671079,0.001698436159,0.02215482767,0,0.2644444444
0.4666666667,0.01324381151,0.01324381151,-0.2897949989,-0.003630190761,-0.03047401408,0.001929628963,0.01387156825,0,0.2644444444
0.4833333333,0.009377699228,0.009377699228,-0.231966737,-0.003967728119,-0.02025224148,0.002047915895,0.007097215895,0,0.2644444444
0.5,0.006320444616,0.006320444616,-0.1834352767,-0.004155326781,-0.01125591974,0.002076027335,0.001686686379,0,0.2644444444
0.5166666667,0.003936287447,0.003936287447,-0.1430494301,-0.004213547118,-0.003493220172,0.00203414527,-0.00251292389,0,0.2644444444
0.5333333333,0.002107366027,0.002107366027,-0.1097352852,-0.004162577535,0.00305817494,0.001939881248,-0.00565584131,0,0.2644444444
0.55,0.0007322472689,0.0007322472689,-0.08250712547,-0.004021819803,0.008445463958,0.001808338015,-0.007892593959,0,0.2644444444
0.5666666667,-0.0002756287297,-0.0002756287297,-0.06047255991,-0.003809562058,0.01273546469,0.001652233431,-0.009366275063,0,0.2644444444
0.5833333333,-0.0009895178731,-0.0009895178731,-0.0428333486,-0.003542732611,0.01600976682,0.001482068339,-0.0102099055,0,0.2644444444
0.6,-0.001470903157,-0.001470903157,-0.02888311706,-0.003236726885,0.01836034355,0.001306323014,-0.01054471951,0,0.2644444444
0.6166666667,-0.001770951681,-0.001770951681,-0.01800291144,-0.002905299395,0.01988564938,0.001131669506,-0.01047921048,0,0.2644444444
0.6333333333,-0.001931874045,-0.001931874045,-0.009655341783,-0.002560512474,0.02068721529,0.0009631896926,-0.0101087888,0,0.2644444444
0.65,-0.001988172253,-0.001988172253,-0.003377892529,-0.002212733495,0.02086673875,0.0008045910396,-0.009515919181,0,0.2644444444
0.6666666667,-0.001967769595,-0.001967769595,0.001224159485,-0.001870672582,0.02052365474,0.0006584140128,-0.008770621611,0,0.2644444444
0.6833333333,-0.001893021397,-0.001893021397,0.004484891889,-0.001541453164,0.01975316511,0.0005262267529,-0.007931235592,0,0.2644444444
0.7,-0.001781609535,-0.001781609535,0.006684711748,-0.001230708227,0.01864469624,0.0004088040362,-0.007045363001,0,0.2644444444
0.7166666667,-0.001647326297,-0.001647326297,0.008056994233,-0.0009426957235,0.01728075019,0.000306288719,-0.006150919034,0,0.2644444444
0.7333333333,-0.001500755007,-0.001500755007,0.008794277412,-0.0006804272108,0.01573611076,0.0002183348205,-0.005277233911,0,0.2644444444
0.75,-0.001349855846,-0.001349855846,0.009053949659,-0.0004458044743,0.01407736419,0.0001442321565,-0.004446159836,0,0.2644444444
0.7666666667,-0.001200465852,-0.001200465852,0.00896339964,-0.0002397595883,0.01236269316,8.301302052e-05,-0.003673148161,0,0.2644444444
0.7833333333,-0.001056722122,-0.001056722122,0.008624623805,-6.239452638e-05,0.01064190372,3.354184061e-05,-0.002968270794,0,0.2644444444
0.8,-0.0009214170508,-0.0009214170508,0.008118304284,8.688289601e-05,0.008956645343,-5.410953555e-06,-0.00233716765,0,0.2644444444
0.8166666667,-0.0007962940064,-0.0007962940064,0.007507382663,0.0002092293463,0.007340787017,-3.510942773e-05,-0.00178190845,0,0.2644444444
0.8333333333,-0.0006822912855,-0.0006822912855,0.006840163254,0.0003062445842,0.005820914273,-5.680546986e-05,-0.001301762528,0,0.2644444444
0.85,-0.0005797415462,-0.0005797415462,0.006152984355,0.0003798598408,0.0044169154,-7.170337946e-05,-0.0008938745765,0,0.2644444444
0.8666666667,-0.0004885332414,-0.0004885332414,0.005472498289,0.0004322369752,0.003142628059,-8.093417357e-05,-0.0005538476463,0,0.2644444444
0.8833333333,-0.000408239885,-0.000408239885,0.004817601383,0.0004656789918,0.002006521001,-8.553812708e-05,-0.0002762372106,0,0.2644444444
0.9,-0.0003382223164,-0.0003382223164,0.004201054114,0.0004825521407,0.001012388929,-8.645415978e-05,-5.496196184e-05,0,0.2644444444
0.9166666667,-0.0002777084882,-0.0002777084882,0.003630829695,0.0004852195058,0.0001600419083,-8.451479663e-05,0.0001163617888,0,0.2644444444
0.9333333333,-0.0002258547075,-0.0002258547075,0.003111226843,0.0004759857384,-0.000554026043,-8.044555499e-05,0.0002441544986,0,0.2644444444
0.95,-0.0001817917152,-0.0001817917152,0.002643779535,0.0004570523801,-0.001136001499,-7.486774443e-05,0.0003346686331,0,0.2644444444
0.9666666667,-0.0001446584906,-0.0001446584906,0.002227993478,0.000430483067,-0.001594158787,-6.830379749e-05,0.0003938368168,0,0.2644444444
0.9833333333,-0.0001136262257,-0.0001136262257,0.001861935892,0.0003981777892,-0.001938316668,-6.118437768e-05,0.0004271651883,0,0.2644444444
1,-8.791452347e-05,-8.791452347e-05,0.001542702136,0.0003618553043,-0.002179349091,-5.385663318e-05,0.0004396646701,0,0.2644444444
1.016666667,-6.68015264e-05,-6.68015264e-05,0.001266779824,0.0003230427612,-0.00232875259,-4.659307638e-05,0.0004358134079,0,0.2644444444
1.033333333,-4.962938742e-05,-4.962938742e-05,0.001030328339,0.0002830715767,-0.00239827107,-3.960067217e-05,0.0004195442528,0,0.2644444444
1.05,-3.580623431e-05,-3.580623431e-05,0.0008293891865,0.0002430786218,-0.002399577292,-3.30298084e-05,0.0003942518261,0,0.2644444444
1.066666667,-2.480556187e-05,-2.480556187e-05,0.0006600403466,0.0002040118031,-0.002344009124,-2.698290203e-05,0.0003628143821,0,0.2644444444
1.083333333,-1.616379889e-05,-1.616379889e-05,0.0005185057785,0.0001666391754,-0.002242357658,-2.152246292e-05,0.0003276263467,0,0.2644444444
1.1,-9.476641572e-06,-9.476641572e-06,0.0004012294392,0.000131560783,-0.002104703547,-1.667849546e-05,0.0002906380478,0,0.2644444444
1.116666667,-4.394614778e-06,-4.394614778e-06,0.0003049216077,9.9222493e-05,-0.001940297398,-1.245516638e-05,0.000253399745,0,0.2644444444
1.133333333,-6.182156792e-07,-6.182156792e-07,0.0002265839459,6.993116472e-05,-0.001757479697,-8.836706218e-06,0.0002171076095,0,0.2644444444
1.15,2.107093598e-06,2.107093598e-06,0.0001635185566,4.387057198e-05,-0.001563635564,-5.792542962e-06,0.0001826497954,0,0.2644444444
1.166666667,3.995848498e-06,3.995848498e-06,0.000113325294,2.111757842e-05,-0.001365179614,-3.281690097e-06,0.0001506511719,0,0.2644444444
1.183333333,5.227360806e-06,5.227360806e-06,7.389073845e-05,1.658140963e-06,-0.001167566248,-1.256429037e-06,0.0001215156636,0,0.2644444444
1.2,5.950219713e-06,5.950219713e-06,4.337153441e-05,-1.459720747e-05,-0.000975320906,3.346619964e-07,9.5465462e-05,0,0.2644444444
1.216666667,6.286456327e-06,6.286456327e-06,2.017419686e-05,-2.779867488e-05,-0.0007920880444,1.544272672e-06,7.257664054e-05,0,0.2644444444
1.233333333,6.335339735e-06,6.335339735e-06,2.933004481e-06,-3.814354011e-05,-0.0006206919143,2.424454747e-06,5.281092452e-05,0,0.2644444444
1.25,6.176793019e-06,6.176793019e-06,-9.512802969e-06,-4.586364978e-05,-0.0004632065801,3.025180443e-06,3.604354176e-05,0,0.2644444444
1.266666667,5.87443253e-06,5.87443253e-06,-1.814162933e-05,-5.121418277e-05,-0.0003210319795,3.393300741e-06,2.208721787e-05,0,0.2644444444
1.283333333,5.478244297e-06,5.478244297e-06,-2.377129399e-05,-5.446373651e-05,-0.000194973224,3.571842114e-06,1.071248234e-05,0,0.2644444444
1.3,5.026918598e-06,5.026918598e-06,-2.70795419e-05,-5.588574862e-05,-8.532072662e-05,3.599584212e-06,1.66452592e-06,0,0.2644444444
1.316666667,4.549868224e-06,4.549868224e-06,-2.862302246e-05,-5.575123409e-05,8.070871693e-06,3.510865859e-06,-5.323101184e-06,0,0.2644444444
1.333333333,4.068958371e-06,4.068958371e-06,-2.885459118e-05,-5.432279007e-05,8.570664137e-05,3.335571998e-06,-1.051763165e-05,0,0.2644444444
1.35,3.599977026e-06,3.599977026e-06,-2.813888069e-05,-5.184979862e-05,0.0001483794871,3.099259783e-06,-1.417873293e-05,0,0.2644444444
1.366666667,3.153874431e-06,3.153874431e-06,-2.676615571e-05,-4.856474105e-05,0.0001971034539,2.82338748e-06,-1.655233818e-05,0,0.2644444444
1.383333333,2.737799186e-06,2.737799186e-06,-2.496451472e-05,-4.468052558e-05,0.0002330529281,2.525615208e-06,-1.786633632e-05,0,0.2644444444
1.4,2.355956952e-06,2.355956952e-06,-2.291053405e-05,-4.03887225e-05,0.0002575081847,2.220151557e-06,-1.832781906e-05,0,0.2644444444
1.416666667,2.010315777e-06,2.010315777e-06,-2.073847048e-05,-3.585859733e-05,0.0002718075108,1.918124794e-06,-1.81216058e-05,0,0.2644444444
1.433333333,1.701179953e-06,1.701179953e-06,-1.854814944e-05,-3.123683168e-05,0.0002773059385,1.627961573e-06,-1.740979323e-05,0,0.2644444444
1.45,1.427652114e-06,1.427652114e-06,-1.641167034e-05,-2.664782401e-05,0.0002753404603,1.355759834e-06,-1.633210436e-05,0,0.2644444444
1.466666667,1.188001126e-06,1.188001126e-06,-1.437905929e-05,-2.219446622e-05,0.0002672014676,1.105645839e-06,-1.500683971e-05,0,0.2644444444
1.483333333,9.799512166e-07,9.799512166e-07,-1.248299455e-05,-1.795929872e-05,0.0002541100501,8.801081528e-07,-1.353226115e-05,0,0.2644444444
1.5,8.009058278e-07,8.009058278e-07,-1.074272333e-05,-1.400595347e-05,0.000237200715,6.803037335e-07,-1.198826516e-05,0,0.2644444444
1.516666667,6.481178433e-07,6.481178433e-07,-9.167279069e-06,-1.038080297e-05,0.0002175090299,5.063332868e-07,-1.04382268e-05,0,0.2644444444
1.533333333,5.18816187e-07,5.18816187e-07,-7.758099379e-06,-7.114741927e-06,0.0001959636624,3.574846495e-07,-8.930918239e-06,0,0.2644444444
1.55,4.102972831e-07,4.102972831e-07,-6.511134231e-06,-4.225037431e-06,0.0001733822698,2.324442188e-07,-7.502425841e-06,0,0.2644444444
1.566666667,3.199885406e-07,3.199885406e-07,-5.418524551e-06,-1.717192523e-06,0.0001504706945,1.294774264e-07,-6.178007546e-06,0,0.2644444444
1.583333333,2.454898475e-07,2.454898475e-07,-4.469921586e-06,4.132230577e-07,0.0001278249348,4.657996416e-08,-4.973847733e-06,0,0.2644444444
1.6,1.845980388e-07,1.845980388e-07,-3.653508524e-06,2.178812719e-06,0.0001059353797,-1.839803356e-08,-3.898679863e-06,0,0.2644444444
1.616666667,1.353184136e-07,1.353184136e-07,-2.956777513e-06,3.598693248e-06,8.519283172e-05,-6.765233634e-08,-2.955258167e-06,0,0.2644444444
1.633333333,9.586661951e-08,9.586661951e-08,-2.367107643e-06,4.696957876e-06,6.589587767e-05,-1.033468138e-07,-2.141668645e-06,0,0.2644444444
1.65,6.466357596e-08,6.466357596e-08,-1.872182613e-06,5.501278004e-06,4.825920773e-05,-1.275547605e-07,-1.452476802e-06,0,0.2644444444
1.666666667,4.032556326e-08,4.032556326e-08,-1.460280762e-06,6.041653492e-06,3.242252927e-05,-1.422166797e-07,-8.797151543e-07,0,0.2644444444
1.683333333,2.165115084e-08,2.165115084e-08,-1.120464745e-06,6.349316247e-06,1.845976528e-05,-1.491119748e-07,-4.137177055e-07,0,0.2644444444
1.7,7.606258996e-09,7.606258996e-09,-8.426935107e-07,6.455787464e-06,6.388273048e-06,-1.498421685e-07,-4.381162046e-08,0,0.2644444444
1.716666667,-2.691660296e-09,-2.691660296e-09,-6.178751575e-07,6.392085164e-06,-3.822138034e-06,-1.458234729e-07,2.411217332e-07,0,0.2644444444
1.733333333,-9.989590613e-09,-9.989590613e-09,-4.37875819e-07,6.18807568e-06,-1.224056901e-05,-1.382867558e-07,4.522030291e-07,0,0.2644444444
1.75,-1.491453652e-08,-1.491453652e-08,-2.954967542e-07,5.871960435e-06,-1.896691472e-05,-1.282831773e-07,6.002147079e-07,0,0.2644444444
1.766666667,-1.798835913e-08,-1.798835913e-08,-1.844293569e-07,5.469887553e-06,-2.412437289e-05,-1.166940034e-07,6.953504344e-07,0,0.2644444444
1.783333333,-1.964162103e-08,-1.964162103e-08,-9.919571402e-08,5.005676696e-06,-2.785265144e-05,-1.0424332e-07,7.470410059e-07,0,0.2644444444
1.8,-2.022629808e-08,-2.022629808e-08,-3.508062316e-08,4.500644726e-06,-3.030191818e-05,-9.151258344e-08,7.638441911e-07,0,0.2644444444
1.816666667,-2.002729086e-08,-2.002729086e-08,1.194043322e-08,3.973519529e-06,-3.162751185e-05,-7.895613428e-08,7.533869495e-07,0,0.2644444444
1.833333333,-1.927272402e-08,-1.927272402e-08,4.527401039e-08,3.44042932e-06,-3.198541254e-05,-6.691697471e-08,7.223495741e-07,0,0.2644444444
1.85,-1.814306233e-08,-1.814306233e-08,6.777970149e-08,2.91495512e-06,-3.152845199e-05,-5.564226704e-08,6.764824605e-07,0,0.2644444444
1.866666667,-1.67791001e-08,-1.67791001e-08,8.183773367e-08,2.408234624e-06,-3.040322974e-05,-4.52981441e-08,6.206473759e-07,0,0.2644444444
1.883333333,-1.528889911e-08,-1.528889911e-08,8.941205932e-08,1.929106449e-06,-2.87476905e-05,-3.59835399e-08,5.588762524e-07,0,0.2644444444
1.9,-1.375376093e-08,-1.375376093e-08,9.210829089e-08,1.484284623e-06,-2.668930956e-05,-2.774284629e-08,4.944416166e-07,0,0.2644444444
1.916666667,-1.223332476e-08,-1.223332476e-08,9.122617018e-08,1.078554159e-06,-2.434382785e-05,-2.05772831e-08,4.29933791e-07,0,0.2644444444
1.933333333,-1.076988281e-08,-1.076988281e-08,8.780651736e-08,7.149795771e-07,-2.181447493e-05,-1.445493435e-08,3.673409254e-07,0,0.2644444444
1.95,-9.392002986e-09,-9.392002986e-09,8.267278926e-08,3.951192964e-07,-1.919161684e-05,-9.319455083e-09,3.081287558e-07,0,0.2644444444
1.966666667,-8.117544579e-09,-8.117544579e-09,7.646750444e-08,1.192398568e-07,-1.655276637e-05,-5.097493187e-09,2.533177138e-07,0,0.2644444444
1.983333333,-6.956146636e-09,-6.956146636e-09,6.968387658e-08,-1.134750616e-07,-1.396289511e-05,-1.704898997e-09,2.035556514e-07,0,0.2644444444
2,-5.911262519e-09,-5.911262519e-09,6.269304705e-08,-3.047248881e-07,-1.147498959e-05,9.481840174e-10,1.591849809e-07,0,0.2644444444
