reload_simulation_s,progress,magazine_y_m,feed_target_extra_rad,note
0,0,-0.23,0,
0.01666666667,0.002380952381,-0.2341554711,0.01495996502,
0.03333333333,0.004761904762,-0.2383104937,0.02991993003,
0.05,0.007142857143,-0.2424646194,0.04487989505,
0.06666666667,0.009523809524,-0.2466173997,0.05983986007,
0.08333333333,0.0119047619,-0.2507683867,0.07479982509,
0.1,0.01428571429,-0.2549171321,0.0897597901,
0.1166666667,0.01666666667,-0.2590631883,0.1047197551,
0.1333333333,0.01904761905,-0.2632061078,0.1196797201,
0.15,0.02142857143,-0.2673454434,0.1346396852,
0.1666666667,0.02380952381,-0.2714807484,0.1495996502,
0.1833333333,0.02619047619,-0.2756115765,0.1645596152,
0.2,0.02857142857,-0.2797374819,0.1795195802,
0.2166666667,0.03095238095,-0.2838580192,0.1944795452,
0.2333333333,0.03333333333,-0.2879727437,0.2094395102,
0.25,0.03571428571,-0.2920812114,0.2243994753,
0.2666666667,0.0380952381,-0.2961829788,0.2393594403,
0.2833333333,0.04047619048,-0.3002776033,0.2543194053,
0.3,0.04285714286,-0.3043646429,0.2692793703,
0.3166666667,0.04523809524,-0.3084436564,0.2842393353,
0.3333333333,0.04761904762,-0.3125142038,0.2991993003,
0.35,0.05,-0.3165758456,0.3141592654,
0.3666666667,0.05238095238,-0.3206281434,0.3291192304,
0.3833333333,0.05476190476,-0.32467066,0.3440791954,
0.4,0.05714285714,-0.3287029591,0.3590391604,
0.4166666667,0.05952380952,-0.3327246053,0.3739991254,
0.4333333333,0.0619047619,-0.3367351648,0.3889590904,
0.45,0.06428571429,-0.3407342046,0.4039190555,
0.4666666667,0.06666666667,-0.3447212931,0.4188790205,
0.4833333333,0.06904761905,-0.348696,0.4338389855,
0.5,0.07142857143,-0.3526578964,0.4487989505,
0.5166666667,0.07380952381,-0.3566065546,0.4637589155,
0.5333333333,0.07619047619,-0.3605415484,0.4787188805,
0.55,0.07857142857,-0.3644624533,0.4936788456,
0.5666666667,0.08095238095,-0.3683688459,0.5086388106,
0.5833333333,0.08333333333,-0.3722603047,0.5235987756,
0.6,0.08571428571,-0.3761364097,0.5385587406,
0.6166666667,0.0880952381,-0.3799967426,0.5535187056,
0.6333333333,0.09047619048,-0.3838408867,0.5684786706,
0.65,0.09285714286,-0.3876684272,0.5834386357,
0.6666666667,0.09523809524,-0.3914789508,0.5983986007,
0.6833333333,0.09761904762,-0.3952720465,0.6133585657,
0.7,0.1,-0.3990473047,0.6283185307,
0.7166666667,0.1023809524,-0.4028043181,0.6432784957,
0.7333333333,0.1047619048,-0.4065426811,0.6582384608,
0.75,0.1071428571,-0.4102619903,0.6731984258,
0.7666666667,0.1095238095,-0.4139618443,0.6881583908,
0.7833333333,0.1119047619,-0.4176418437,0.7031183558,
0.8,0.1142857143,-0.4213015914,0.7180783208,
0.8166666667,0.1166666667,-0.4249406925,0.7330382858,
0.8333333333,0.119047619,-0.428558754,0.7479982509,
0.85,0.1214285714,-0.4321553856,0.7629582159,
0.8666666667,0.1238095238,-0.435730199,0.7779181809,
0.8833333333,0.1261904762,-0.4392828085,0.7928781459,
0.9,0.1285714286,-0.4428128306,0.8078381109,
0.9166666667,0.130952381,-0.4463198844,0.8227980759,
0.9333333333,0.1333333333,-0.4498035912,0.837758041,
0.95,0.1357142857,-0.4532635752,0.852718006,
0.9666666667,0.1380952381,-0.456699463,0.867677971,
0.9833333333,0.1404761905,-0.4601108836,0.882637936,
1,0.1428571429,-0.4634974689,0.897597901,
1.016666667,0.1452380952,-0.4668588534,0.912557866,
1.033333333,0.1476190476,-0.4701946743,0.9275178311,
1.05,0.15,-0.4735045716,0.9424777961,
1.066666667,0.1523809524,-0.476788188,0.9574377611,
1.083333333,0.1547619048,-0.4800451693,0.9723977261,
1.1,0.1571428571,-0.4832751637,0.9873576911,
1.116666667,0.1595238095,-0.4864778228,1.002317656,
1.133333333,0.1619047619,-0.4896528008,1.017277621,
1.15,0.1642857143,-0.4927997552,1.032237586,
1.166666667,0.1666666667,-0.4959183462,1.047197551,
1.183333333,0.169047619,-0.4990082374,1.062157516,
1.2,0.1714285714,-0.5020690951,1.077117481,
1.216666667,0.1738095238,-0.5051005891,1.092077446,
1.233333333,0.1761904762,-0.5081023922,1.107037411,
1.25,0.1785714286,-0.5110741803,1.121997376,
1.266666667,0.180952381,-0.5140156328,1.136957341,
1.283333333,0.1833333333,-0.5169264322,1.151917306,
1.3,0.1857142857,-0.5198062643,1.166877271,
1.316666667,0.1880952381,-0.5226548184,1.181837236,
1.333333333,0.1904761905,-0.5254717869,1.196797201,
1.35,0.1928571429,-0.528256866,1.211757166,
1.366666667,0.1952380952,-0.5310097548,1.226717131,
1.383333333,0.1976190476,-0.5337301565,1.241677096,
1.4,0.2,-0.5364177772,1.256637061,
1.416666667,0.2023809524,-0.5390723271,1.271597026,
1.433333333,0.2047619048,-0.5416935196,1.286556991,
1.45,0.2071428571,-0.5442810717,1.301516956,
1.466666667,0.2095238095,-0.5468347043,1.316476922,
1.483333333,0.2119047619,-0.5493541416,1.331436887,
1.5,0.2142857143,-0.5518391119,1.346396852,
1.516666667,0.2166666667,-0.5542893469,1.361356817,
1.533333333,0.219047619,-0.5567045821,1.376316782,
1.55,0.2214285714,-0.5590845569,1.391276747,
1.566666667,0.2238095238,-0.5614290144,1.406236712,
1.583333333,0.2261904762,-0.5637377016,1.421196677,
1.6,0.2285714286,-0.5660103693,1.436156642,
1.616666667,0.230952381,-0.5682467722,1.451116607,
1.633333333,0.2333333333,-0.570446669,1.466076572,
1.65,0.2357142857,-0.5726098222,1.481036537,
1.666666667,0.2380952381,-0.5747359984,1.495996502,
1.683333333,0.2404761905,-0.576824968,1.510956467,
1.7,0.2428571429,-0.5788765058,1.525916432,
1.716666667,0.2452380952,-0.5808903901,1.540876397,
1.733333333,0.2476190476,-0.5828664037,1.555836362,
1.75,0.25,-0.5848043333,1.570796327,
1.766666667,0.2523809524,-0.5867039697,1.585756292,
1.783333333,0.2547619048,-0.588565108,1.600716257,
1.8,0.2571428571,-0.5903875472,1.615676222,
1.816666667,0.2595238095,-0.5921710906,1.630636187,
1.833333333,0.2619047619,-0.5939155459,1.645596152,
1.85,0.2642857143,-0.5956207246,1.660556117,
1.866666667,0.2666666667,-0.5972864428,1.675516082,
1.883333333,0.269047619,-0.5989125206,1.690476047,
1.9,0.2714285714,-0.6004987826,1.705436012,
1.916666667,0.2738095238,-0.6020450577,1.720395977,
1.933333333,0.2761904762,-0.6035511788,1.735355942,
1.95,0.2785714286,-0.6050169834,1.750315907,
1.966666667,0.280952381,-0.6064423134,1.765275872,
1.983333333,0.2833333333,-0.6078270149,1.780235837,
2,0.2857142857,-0.6091709385,1.795195802,
2.016666667,0.2880952381,-0.610473939,1.810155767,
2.033333333,0.2904761905,-0.611735876,1.825115732,
2.05,0.2928571429,-0.6129566131,1.840075697,
2.066666667,0.2952380952,-0.6141360187,1.855035662,
2.083333333,0.2976190476,-0.6152739655,1.869995627,
2.1,0.3,-0.6163703305,1.884955592,
2.116666667,0.3023809524,-0.6174249956,1.899915557,
2.133333333,0.3047619048,-0.6184378468,1.914875522,
2.15,0.3071428571,-0.6194087749,1.929835487,
2.166666667,0.3095238095,-0.6203376751,1.944795452,
2.183333333,0.3119047619,-0.621224447,1.959755417,
2.2,0.3142857143,-0.6220689951,1.974715382,
2.216666667,0.3166666667,-0.6228712282,1.989675347,
2.233333333,0.319047619,-0.6236310596,2.004635312,
2.25,0.3214285714,-0.6243484074,2.019595277,
2.266666667,0.3238095238,-0.6250231941,2.034555242,
2.283333333,0.3261904762,-0.625655347,2.049515207,
2.3,0.3285714286,-0.6262447978,2.064475172,
2.316666667,0.330952381,-0.6267914828,2.079435137,
2.333333333,0.3333333333,-0.6272953431,2.094395102,
2.35,0.3357142857,-0.6277563243,2.109355067,
2.366666667,0.3380952381,-0.6281743766,2.124315032,
2.383333333,0.3404761905,-0.628549455,2.139274997,
2.4,0.3428571429,-0.6288815189,2.154234962,
2.416666667,0.3452380952,-0.6291705325,2.169194927,
2.433333333,0.3476190476,-0.6294164646,2.184154892,
2.45,0.35,-0.6296192886,2.199114858,
2.466666667,0.3523809524,-0.6297789828,2.214074823,
2.483333333,0.3547619048,-0.6298955298,2.229034788,
2.5,0.3571428571,-0.629968917,2.243994753,
2.516666667,0.3595238095,-0.6299991366,2.258954718,
2.533333333,0.3619047619,-0.6299861852,2.273914683,
2.55,0.3642857143,-0.6299300644,2.288874648,
2.566666667,0.3666666667,-0.62983078,2.303834613,
2.583333333,0.369047619,-0.6296883429,2.318794578,
2.6,0.3714285714,-0.6295027685,2.333754543,
2.616666667,0.3738095238,-0.6292740767,2.348714508,
2.633333333,0.3761904762,-0.6290022922,2.363674473,
2.65,0.3785714286,-0.6286874444,2.378634438,
2.666666667,0.380952381,-0.6283295672,2.393594403,
2.683333333,0.3833333333,-0.6279286993,2.408554368,
2.7,0.3857142857,-0.627484884,2.423514333,
2.716666667,0.3880952381,-0.626998169,2.438474298,
2.733333333,0.3904761905,-0.6264686071,2.453434263,
2.75,0.3928571429,-0.6258962552,2.468394228,
2.766666667,0.3952380952,-0.6252811753,2.483354193,
2.783333333,0.3976190476,-0.6246234336,2.498314158,
2.8,0.4,-0.6239231012,2.513274123,
2.816666667,0.4023809524,-0.6231802536,2.528234088,
2.833333333,0.4047619048,-0.6223949711,2.543194053,
2.85,0.4071428571,-0.6215673384,2.558154018,
2.866666667,0.4095238095,-0.6206974447,2.573113983,
2.883333333,0.4119047619,-0.619785384,2.588073948,
2.9,0.4142857143,-0.6188312548,2.603033913,
2.916666667,0.4166666667,-0.61783516,2.617993878,
2.933333333,0.419047619,-0.616797207,2.632953843,
2.95,0.4214285714,-0.615717508,2.647913808,
2.966666667,0.4238095238,-0.6145961795,2.662873773,
2.983333333,0.4261904762,-0.6134333424,2.677833738,
3,0.4285714286,-0.6122291223,2.692793703,
3.016666667,0.430952381,-0.6109836492,2.707753668,
3.033333333,0.4333333333,-0.6096970574,2.722713633,
3.05,0.4357142857,-0.6083694859,2.737673598,
3.066666667,0.4380952381,-0.6070010779,2.752633563,
3.083333333,0.4404761905,-0.6055919811,2.767593528,
3.1,0.4428571429,-0.6041423476,2.782553493,
3.116666667,0.4452380952,-0.6026523338,2.797513458,
3.133333333,0.4476190476,-0.6011221005,2.812473423,
3.15,0.45,-0.599551813,2.827433388,
3.166666667,0.4523809524,-0.5979416407,2.842393353,
3.183333333,0.4547619048,-0.5962917573,2.857353318,
3.2,0.4571428571,-0.5946023409,2.872313283,
3.216666667,0.4595238095,-0.5928735739,2.887273248,
3.233333333,0.4619047619,-0.5911056429,2.902233213,
3.25,0.4642857143,-0.5892987386,2.917193178,
3.266666667,0.4666666667,-0.5874530561,2.932153143,
3.283333333,0.469047619,-0.5855687946,2.947113108,
3.3,0.4714285714,-0.5836461574,2.962073073,
3.316666667,0.4738095238,-0.581685352,2.977033038,
3.333333333,0.4761904762,-0.5796865902,2.991993003,
3.35,0.4785714286,-0.5776500875,3.006952968,
3.366666667,0.480952381,-0.5755760637,3.021912933,chamber
3.383333333,0.4833333333,-0.5734647428,3.036872898,
3.4,0.4857142857,-0.5713163527,3.051832863,
3.416666667,0.4880952381,-0.569131125,3.066792829,
3.433333333,0.4904761905,-0.5669092958,3.081752794,
3.45,0.4928571429,-0.5646511048,3.096712759,
3.466666667,0.4952380952,-0.5623567957,3.111672724,
3.483333333,0.4976190476,-0.5600266162,3.126632689,
3.5,0.5,-0.5576608177,3.141592654,
3.516666667,0.5023809524,-0.5552596556,3.156552619,
3.533333333,0.5047619048,-0.552823389,3.171512584,
3.55,0.5071428571,-0.5503522809,3.186472549,
3.566666667,0.5095238095,-0.547846598,3.201432514,
3.583333333,0.5119047619,-0.5453066106,3.216392479,
3.6,0.5142857143,-0.542732593,3.231352444,
3.616666667,0.5166666667,-0.5401248229,3.246312409,
3.633333333,0.519047619,-0.5374835818,3.261272374,
3.65,0.5214285714,-0.5348091548,3.276232339,
3.666666667,0.5238095238,-0.5321018305,3.291192304,
3.683333333,0.5261904762,-0.529361901,3.306152269,
3.7,0.5285714286,-0.5265896622,3.321112234,
3.716666667,0.530952381,-0.5237854132,3.336072199,
3.733333333,0.5333333333,-0.5209494566,3.351032164,
3.75,0.5357142857,-0.5180820986,3.365992129,
3.766666667,0.5380952381,-0.5151836486,3.380952094,
3.783333333,0.5404761905,-0.5122544194,3.395912059,
3.8,0.5428571429,-0.5092947272,3.410872024,
3.816666667,0.5452380952,-0.5063048914,3.425831989,
3.833333333,0.5476190476,-0.5032852347,3.440791954,
3.85,0.55,-0.500236083,3.455751919,
3.866666667,0.5523809524,-0.4971577654,3.470711884,
3.883333333,0.5547619048,-0.4940506141,3.485671849,
3.9,0.5571428571,-0.4909149645,3.500631814,
3.916666667,0.5595238095,-0.487751155,3.515591779,
3.933333333,0.5619047619,-0.484559527,3.530551744,
3.95,0.5642857143,-0.481340425,3.545511709,
3.966666667,0.5666666667,-0.4780941965,3.560471674,
3.983333333,0.569047619,-0.4748211918,3.575431639,
4,0.5714285714,-0.4715217641,3.590391604,
4.016666667,0.5738095238,-0.4681962696,3.605351569,
4.033333333,0.5761904762,-0.4648450672,3.620311534,
4.05,0.5785714286,-0.4614685185,3.635271499,
4.066666667,0.580952381,-0.4580669879,3.650231464,
4.083333333,0.5833333333,-0.4546408427,3.665191429,
4.1,0.5857142857,-0.4511904525,3.680151394,
4.116666667,0.5880952381,-0.4477161898,3.695111359,
4.133333333,0.5904761905,-0.4442184296,3.710071324,
4.15,0.5928571429,-0.4406975492,3.725031289,
4.166666667,0.5952380952,-0.4371539288,3.739991254,
4.183333333,0.5976190476,-0.4335879508,3.754951219,
4.2,0.6,-0.43,3.769911184,
4.216666667,0.6023809524,-0.4263904637,3.784871149,
4.233333333,0.6047619048,-0.4227597315,3.799831114,
4.25,0.6071428571,-0.4191081952,3.814791079,
4.266666667,0.6095238095,-0.4154362489,3.829751044,
4.283333333,0.6119047619,-0.411744289,3.844711009,
4.3,0.6142857143,-0.4080327138,3.859670974,
4.316666667,0.6166666667,-0.404301924,3.874630939,
4.333333333,0.619047619,-0.4005523222,3.889590904,
4.35,0.6214285714,-0.3967843131,3.904550869,
4.366666667,0.6238095238,-0.3929983034,3.919510834,
4.383333333,0.6261904762,-0.3891947017,3.934470799,
4.4,0.6285714286,-0.3853739185,3.949430765,
4.416666667,0.630952381,-0.3815363662,3.96439073,
4.433333333,0.6333333333,-0.3776824589,3.979350695,
4.45,0.6357142857,-0.3738126127,3.99431066,
4.466666667,0.6380952381,-0.369927245,4.009270625,
4.483333333,0.6404761905,-0.3660267754,4.02423059,
4.5,0.6428571429,-0.3621116248,4.039190555,
4.516666667,0.6452380952,-0.3581822157,4.05415052,
4.533333333,0.6476190476,-0.3542389721,4.069110485,
4.55,0.65,-0.3502823198,4.08407045,
4.566666667,0.6523809524,-0.3463126857,4.099030415,
4.583333333,0.6547619048,-0.3423304983,4.11399038,
4.6,0.6571428571,-0.3383361873,4.128950345,
4.616666667,0.6595238095,-0.3343301838,4.14391031,
4.633333333,0.6619047619,-0.3303129202,4.158870275,
4.65,0.6642857143,-0.3262848302,4.17383024,
4.666666667,0.6666666667,-0.3222463483,4.188790205,
4.683333333,0.669047619,-0.3181979105,4.20375017,
4.7,0.6714285714,-0.3141399537,4.218710135,
4.716666667,0.6738095238,-0.3100729159,4.2336701,
4.733333333,0.6761904762,-0.3059972361,4.248630065,
4.75,0.6785714286,-0.301913354,4.26359003,
4.766666667,0.680952381,-0.2978217105,4.278549995,
4.783333333,0.6833333333,-0.2937227472,4.29350996,
4.8,0.6857142857,-0.2896169065,4.308469925,
4.816666667,0.6880952381,-0.2855046314,4.32342989,
4.833333333,0.6904761905,-0.2813863659,4.338389855,
4.85,0.6928571429,-0.2772625543,4.35334982,
4.866666667,0.6952380952,-0.2731336418,4.368309785,
4.883333333,0.6976190476,-0.2690000741,4.38326975,
4.9,0.7,-0.2648622971,4.398229715,
4.916666667,0.7023809524,-0.2607207575,4.41318968,
4.933333333,0.7047619048,-0.2565759023,4.428149645,
4.95,0.7071428571,-0.2524281789,4.44310961,
4.966666667,0.7095238095,-0.2482780348,4.458069575,
4.983333333,0.7119047619,-0.244125918,4.47302954,
5,0.7142857143,-0.2399722767,4.487989505,
5.016666667,0.7166666667,-0.2358175591,4.50294947,
5.033333333,0.719047619,-0.2316622136,4.517909435,
5.05,0.7214285714,-0.23,4.5328694,
5.066666667,0.7238095238,-0.23,4.547829365,
5.083333333,0.7261904762,-0.23,4.56278933,
5.1,0.7285714286,-0.23,4.577749295,
5.116666667,0.730952381,-0.23,4.59270926,
5.133333333,0.7333333333,-0.23,4.607669225,
5.15,0.7357142857,-0.23,4.62262919,
5.166666667,0.7380952381,-0.23,4.637589155,
5.183333333,0.7404761905,-0.23,4.65254912,
5.2,0.7428571429,-0.23,4.667509085,
5.216666667,0.7452380952,-0.23,4.68246905,
5.233333333,0.7476190476,-0.23,4.697429015,
5.25,0.75,-0.23,4.71238898,
5.266666667,0.7523809524,-0.23,4.727348945,
5.283333333,0.7547619048,-0.23,4.74230891,
5.3,0.7571428571,-0.23,4.757268875,
5.316666667,0.7595238095,-0.23,4.77222884,
5.333333333,0.7619047619,-0.23,4.787188805,
5.35,0.7642857143,-0.23,4.80214877,
5.366666667,0.7666666667,-0.23,4.817108736,
5.383333333,0.769047619,-0.23,4.832068701,
5.4,0.7714285714,-0.23,4.847028666,
5.416666667,0.7738095238,-0.23,4.861988631,
5.433333333,0.7761904762,-0.23,4.876948596,
5.45,0.7785714286,-0.23,4.891908561,
5.466666667,0.780952381,-0.23,4.906868526,
5.483333333,0.7833333333,-0.23,4.921828491,
5.5,0.7857142857,-0.23,4.936788456,
5.516666667,0.7880952381,-0.23,4.951748421,
5.533333333,0.7904761905,-0.23,4.966708386,
5.55,0.7928571429,-0.23,4.981668351,
5.566666667,0.7952380952,-0.23,4.996628316,
5.583333333,0.7976190476,-0.23,5.011588281,
5.6,0.8,-0.23,5.026548246,
5.616666667,0.8023809524,-0.23,5.041508211,
5.633333333,0.8047619048,-0.23,5.056468176,
5.65,0.8071428571,-0.23,5.071428141,
5.666666667,0.8095238095,-0.23,5.086388106,
5.683333333,0.8119047619,-0.23,5.101348071,
5.7,0.8142857143,-0.23,5.116308036,
5.716666667,0.8166666667,-0.23,5.131268001,
5.733333333,0.819047619,-0.23,5.146227966,
5.75,0.8214285714,-0.23,5.161187931,
5.766666667,0.8238095238,-0.23,5.176147896,
5.783333333,0.8261904762,-0.23,5.191107861,
5.8,0.8285714286,-0.23,5.206067826,
5.816666667,0.830952381,-0.23,5.221027791,
5.833333333,0.8333333333,-0.23,5.235987756,
5.85,0.8357142857,-0.23,5.250947721,
5.866666667,0.8380952381,-0.23,5.265907686,
5.883333333,0.8404761905,-0.23,5.280867651,
5.9,0.8428571429,-0.23,5.295827616,
5.916666667,0.8452380952,-0.23,5.310787581,
5.933333333,0.8476190476,-0.23,5.325747546,
5.95,0.85,-0.23,5.340707511,
5.966666667,0.8523809524,-0.23,5.355667476,
5.983333333,0.8547619048,-0.23,5.370627441,
6,0.8571428571,-0.23,5.385587406,
6.016666667,0.8595238095,-0.23,5.400547371,
6.033333333,0.8619047619,-0.23,5.415507336,
6.05,0.8642857143,-0.23,5.430467301,
6.066666667,0.8666666667,-0.23,5.445427266,
6.083333333,0.869047619,-0.23,5.460387231,
6.1,0.8714285714,-0.23,5.475347196,
6.116666667,0.8738095238,-0.23,5.490307161,
6.133333333,0.8761904762,-0.23,5.505267126,
6.15,0.8785714286,-0.23,5.520227091,
6.166666667,0.880952381,-0.23,5.535187056,
6.183333333,0.8833333333,-0.23,5.550147021,
6.2,0.8857142857,-0.23,5.565106986,
6.216666667,0.8880952381,-0.23,5.580066951,
6.233333333,0.8904761905,-0.23,5.595026916,
6.25,0.8928571429,-0.23,5.609986881,
6.266666667,0.8952380952,-0.23,5.624946846,
6.283333333,0.8976190476,-0.23,5.639906811,
6.3,0.9,-0.23,5.654866776,lock
6.316666667,0.9023809524,-0.23,5.669826741,
6.333333333,0.9047619048,-0.23,5.684786706,
6.35,0.9071428571,-0.23,5.699746672,
6.366666667,0.9095238095,-0.23,5.714706637,
6.383333333,0.9119047619,-0.23,5.729666602,
6.4,0.9142857143,-0.23,5.744626567,
6.416666667,0.9166666667,-0.23,5.759586532,
6.433333333,0.919047619,-0.23,5.774546497,
6.45,0.9214285714,-0.23,5.789506462,
6.466666667,0.9238095238,-0.23,5.804466427,
6.483333333,0.9261904762,-0.23,5.819426392,
6.5,0.9285714286,-0.23,5.834386357,
6.516666667,0.930952381,-0.23,5.849346322,
6.533333333,0.9333333333,-0.23,5.864306287,
6.55,0.9357142857,-0.23,5.879266252,
6.566666667,0.9380952381,-0.23,5.894226217,
6.583333333,0.9404761905,-0.23,5.909186182,
6.6,0.9428571429,-0.23,5.924146147,
6.616666667,0.9452380952,-0.23,5.939106112,
6.633333333,0.9476190476,-0.23,5.954066077,
6.65,0.95,-0.23,5.969026042,
6.666666667,0.9523809524,-0.23,5.983986007,
6.683333333,0.9547619048,-0.23,5.998945972,
6.7,0.9571428571,-0.23,6.013905937,
6.716666667,0.9595238095,-0.23,6.028865902,
6.733333333,0.9619047619,-0.23,6.043825867,
6.75,0.9642857143,-0.23,6.058785832,
6.766666667,0.9666666667,-0.23,6.073745797,
6.783333333,0.969047619,-0.23,6.088705762,
6.8,0.9714285714,-0.23,6.103665727,
6.816666667,0.9738095238,-0.23,6.118625692,
6.833333333,0.9761904762,-0.23,6.133585657,
6.85,0.9785714286,-0.23,6.148545622,
6.866666667,0.980952381,-0.23,6.163505587,
6.883333333,0.9833333333,-0.23,6.178465552,
6.9,0.9857142857,-0.23,6.193425517,
6.916666667,0.9880952381,-0.23,6.208385482,
6.933333333,0.9904761905,-0.23,6.223345447,
6.95,0.9928571429,-0.23,6.238305412,
6.966666667,0.9952380952,-0.23,6.253265377,
6.983333333,0.9976190476,-0.23,6.268225342,
7,1,-0.23,6.283185307,ready
